                  epoch,         train/box_loss,         train/cls_loss,         train/dfl_loss,   metrics/precision(B),      metrics/recall(B),       metrics/mAP50(B),    metrics/mAP50-95(B),           val/box_loss,           val/cls_loss,           val/dfl_loss,                 lr/pg0,                 lr/pg1,                 lr/pg2
                      1,                 0.8349,                 1.2899,                0.97681,                0.23338,                0.17841,                 0.1296,                0.05623,                  2.574,                 3.4137,                 2.1521,             0.00055529,             0.00055529,             0.00055529
                      2,                0.71102,                0.67523,                0.94322,                 0.3566,                0.16245,                 0.1603,                 0.0754,                 2.3928,                  3.091,                 2.0193,             0.00089098,             0.00089098,             0.00089098
                      3,                0.66467,                0.58955,                0.92636,                 0.3403,                0.19613,                0.18268,                0.08055,                 2.5046,                 3.3736,                 2.1586,              0.0010066,              0.0010066,              0.0010066
                      4,                0.60951,                0.51213,                 0.9097,                0.30849,                0.24098,                0.21051,                0.10202,                 2.2216,                 2.8505,                 1.9316,              0.0006768,              0.0006768,              0.0006768
                      5,                 0.5549,                0.43853,                0.89138,                0.35151,                 0.2186,                0.21184,                0.09818,                 2.2136,                  2.761,                 1.8888,             0.00034674,             0.00034674,             0.00034674
